Report Start,7/2/2026
Report End,7/5/2026
Currency,USD
Account,DAMVerse

Start Date (in UTC),Campaign Name,Impressions,Clicks,Total Spent,Leads,Lead Form Opens,Conversions,Landing Page Clicks,Average CPC,Click Through Rate
7/2/2026,DAMVerse Demo Gen,1500,9,7.40,0,6,0,0,0.82,0.60%
7/3/2026,DAMVerse Demo Gen,1897,13,9.95,1,9,0,0,0.77,0.69%
7/4/2026,DAMVerse Demo Gen,2100,14,11.10,0,10,0,0,0.79,0.67%
7/5/2026,DAMVerse Demo Gen,1600,10,8.40,1,7,0,0,0.84,0.63%
Total,DAMVerse Demo Gen,7097,46,36.85,2,32,0,0,0.80,0.65%
